 ,Label,slice,Saturated,J.D.-2400000,JD_UTC,JD_SOBS,HJD_UTC,BJD_TDB,AIRMASS,ALT_OBJ,CCD-TEMP,EXPTIME,RAOBJ2K,DECOBJ2K,FWHM_Mean,Source_Radius,Sky_Rad(min),Sky_Rad(max),rel_flux_T1,rel_flux_C2,rel_flux_err_T1,rel_flux_err_C2,rel_flux_SNR_T1,rel_flux_SNR_C2,tot_C_cnts,tot_C_err,X(IJ)_T1,Y(IJ)_T1,X(FITS)_T1,Y(FITS)_T1,Source-Sky_T1,N_Src_Pixels_T1,Source_Error_T1,Source_SNR_T1,Peak_T1,Mean_T1,Sky/Pixel_T1,N_Sky_Pixels_T1,FWHM_T1,Width_T1,X-Width_T1,Y-Width_T1,Angle_T1,Roundness_T1,X(IJ)_C2,Y(IJ)_C2,X(FITS)_C2,Y(FITS)_C2,Source-Sky_C2,Source_Error_C2,Source_SNR_C2,Peak_C2,Mean_C2,Sky/Pixel_C2,FWHM_C2,Width_C2,X-Width_C2,Y-Width_C2,Angle_C2,Roundness_C2
1,HD147302_Bessell B_0943_out.fits,1.000000,0.000000,58589.740877,2458589.740877,2458589.740808,2458589.735657,2458589.736425,2.817782,20.607038,NaN,12.000000,0.000000,0.000000,5.708934,5.000000,11.000000,17.000000,48.084048,0.000000,0.348465,0.000000,137.988278,0.000000,19444.508961,139.471077,448.967030,427.604878,449.467030,596.895122,934970.696175,78.539816,967.234000,966.643745,29523.000000,11904.416635,5.997512,463.000000,5.821554,5.507420,5.680634,5.334206,23.505253,0.991507,669.900660,650.488849,670.400660,374.011151,19444.508961,139.471077,139.416066,684.000000,247.575177,0.000000,5.596314,5.264381,5.437935,5.090827,25.611878,0.988940
2,HD147302_Bessell B_0946_out.fits,2.000000,0.000000,58589.741428,2458589.741428,2458589.741359,2458589.736208,2458589.736976,2.792546,20.805514,NaN,12.000000,0.000000,0.000000,8.394604,5.000000,11.000000,17.000000,48.329890,0.000000,0.349996,0.000000,138.087120,0.000000,19470.101035,139.562760,449.663378,427.400699,450.163378,597.099301,940987.837567,78.539816,970.050276,970.040276,31118.000000,11981.029259,0.000000,467.000000,5.690346,5.487052,5.497986,5.476119,41.831777,0.998696,670.579952,650.199321,671.079952,374.300679,19470.101035,139.562760,139.507853,747.000000,247.901026,0.000000,5.389928,5.247332,5.188074,5.306590,61.993047,0.998368
3,HD147302_Bessell B_0949_out.fits,3.000000,0.000000,58589.741983,2458589.741983,2458589.741914,2458589.736763,2458589.737531,2.767617,21.005360,NaN,12.000000,0.000000,0.000000,9.809600,5.000000,11.000000,17.000000,48.754839,0.000000,0.358360,0.000000,136.049873,0.000000,18896.884299,137.493782,449.521157,426.809678,450.021157,597.690322,921314.550544,78.539816,960.068141,959.634542,29411.000000,11730.541189,4.252125,470.000000,5.717219,5.574566,5.584053,5.565078,44.201794,0.985072,670.537558,649.749839,671.037558,374.750161,18896.884299,137.493782,137.438101,659.000000,240.602604,0.000000,5.507377,5.384351,5.370375,5.398327,45.988446,0.977353
4,HD147302_Bessell B_0952_out.fits,4.000000,0.000000,58589.742539,2458589.742539,2458589.742470,2458589.737319,2458589.738087,2.743099,21.205686,NaN,12.000000,0.000000,0.000000,10.745099,5.000000,11.000000,17.000000,48.864427,0.000000,0.360177,0.000000,135.667646,0.000000,18789.905850,137.104287,449.485171,426.527450,449.985171,597.972550,918157.974238,78.539816,958.210805,958.200398,28553.000000,11690.350411,0.000000,460.000000,6.056708,5.521617,5.549672,5.493561,42.311901,0.988237,670.467601,649.421556,670.967601,375.078444,18789.905850,137.104287,137.048273,644.000000,239.240512,0.000000,5.623890,5.325539,5.300497,5.350582,46.990070,0.981643
5,HD147302_Bessell B_0955_out.fits,5.000000,0.000000,58589.743094,2458589.743094,2458589.743025,2458589.737874,2458589.738642,2.719093,21.405576,NaN,12.000000,0.000000,0.000000,10.634517,5.000000,11.000000,17.000000,48.588920,0.000000,0.354488,0.000000,137.068071,0.000000,19181.892643,138.526559,448.281594,426.307315,448.781594,598.192685,932027.452257,78.539816,965.434081,965.397297,32266.000000,11866.942090,0.228571,446.000000,5.408660,5.449522,5.585839,5.313206,10.396324,0.997140,669.196196,649.100788,669.696196,375.399212,19181.892643,138.526559,138.470866,711.000000,244.231443,0.000000,5.115274,5.212430,5.339347,5.085512,23.611047,0.994865
6,HD147302_Bessell B_0958_out.fits,6.000000,0.000000,58589.743649,2458589.743649,2458589.743580,2458589.738429,2458589.739197,2.695534,21.605441,NaN,12.000000,0.000000,0.000000,10.483443,5.000000,11.000000,17.000000,48.498384,0.000000,0.349381,0.000000,138.812199,0.000000,19673.639464,140.289967,448.782023,425.847720,449.282023,598.652280,954139.714110,78.539816,976.832868,976.768642,35363.000000,12148.484152,0.475410,479.000000,5.189649,5.239398,5.456437,5.022358,30.527601,0.970795,669.687870,648.756323,670.187870,375.743677,19673.639464,140.289967,140.235542,756.000000,250.492558,0.000000,5.142721,4.954701,5.158234,4.751167,31.206769,0.968631
7,HD147302_Bessell B_0961_out.fits,7.000000,0.000000,58589.744206,2458589.744206,2458589.744136,2458589.738986,2458589.739754,2.672331,21.805976,NaN,12.000000,0.000000,0.000000,10.152285,5.000000,11.000000,17.000000,47.874565,0.000000,0.344908,0.000000,138.803979,0.000000,19676.596570,140.300587,449.486596,425.883527,449.986596,598.616473,942008.502503,78.539816,970.710438,970.432031,35524.000000,11994.024769,2.624138,469.000000,5.008651,5.290134,5.338670,5.241597,39.411713,0.991039,670.430644,648.822362,670.930644,375.677638,19676.596570,140.300587,140.246003,850.000000,250.530209,0.000000,4.812475,5.067556,5.162807,4.972305,37.037137,0.981243
8,HD147302_Bessell B_0964_out.fits,8.000000,0.000000,58589.744763,2458589.744763,2458589.744693,2458589.739542,2458589.740311,2.649541,22.006613,NaN,12.000000,0.000000,0.000000,10.984119,5.000000,11.000000,17.000000,48.972245,0.000000,0.363991,0.000000,134.542292,0.000000,18478.797807,135.965032,449.849101,425.917490,450.349101,598.582510,904948.204518,78.539816,951.292874,951.282438,26383.000000,11522.158399,0.000000,455.000000,6.073012,5.755932,5.924362,5.587502,24.654541,0.991956,670.834614,648.720735,671.334614,375.779265,18478.797807,135.965032,135.908458,598.000000,235.279361,0.000000,5.742940,5.558341,5.736075,5.380608,24.258430,0.990698
9,HD147302_Bessell B_0967_out.fits,9.000000,0.000000,58589.745319,2458589.745319,2458589.745249,2458589.740099,2458589.740867,2.627197,22.206961,NaN,12.000000,0.000000,0.000000,11.066805,5.000000,11.000000,17.000000,48.297966,0.000000,0.352783,0.000000,136.905430,0.000000,19138.681197,138.370256,448.947020,425.723001,449.447020,598.776999,924359.372059,78.539816,961.465582,961.406616,30400.000000,11769.309061,0.419890,474.000000,5.709923,5.548333,5.798978,5.297687,14.071100,0.989544,669.881579,648.637149,670.381579,375.862851,19138.681197,138.370256,138.314994,697.000000,243.681257,0.000000,5.439569,5.313955,5.565693,5.062217,17.113907,0.986927
10,HD147302_Bessell B_0970_out.fits,10.000000,0.000000,58589.745873,2458589.745873,2458589.745804,2458589.740653,2458589.741422,2.605302,22.406869,NaN,12.000000,0.000000,0.000000,10.941302,5.000000,11.000000,17.000000,47.950907,0.000000,0.347341,0.000000,138.051365,0.000000,19463.162840,139.537987,448.028082,425.791617,448.528082,598.708383,933276.318146,78.539816,966.067547,966.057002,31938.000000,11882.843144,0.000000,457.000000,5.509398,5.434776,5.481906,5.387645,39.901323,0.990404,668.917214,648.628619,669.417214,375.871381,19463.162840,139.537987,139.482898,724.000000,247.812686,0.000000,5.306401,5.189712,5.246049,5.133375,40.125263,0.983566
11,HD147302_Bessell B_0973_out.fits,11.000000,0.000000,58589.746428,2458589.746428,2458589.746359,2458589.741208,2458589.741977,2.583797,22.606784,NaN,12.000000,0.000000,0.000000,11.064905,5.000000,11.000000,17.000000,48.029126,0.000000,0.350439,0.000000,137.054203,0.000000,19182.735467,138.529483,449.428040,425.723955,449.928040,598.776045,921330.013847,78.539816,960.184977,959.533877,30306.000000,11730.738074,6.427762,459.000000,5.779525,5.415938,5.561001,5.270874,25.898361,0.992508,670.304444,648.573647,670.804444,375.926353,19182.735467,138.529483,138.474028,727.000000,244.242174,0.000000,5.408983,5.132095,5.242737,5.021452,31.551044,0.990925
12,HD147302_Bessell B_0976_out.fits,12.000000,0.000000,58589.746983,2458589.746983,2458589.746914,2458589.741763,2458589.742531,2.562669,22.806717,NaN,12.000000,0.000000,0.000000,11.889614,5.000000,11.000000,17.000000,48.292342,0.000000,0.355209,0.000000,135.954698,0.000000,18874.237007,137.411460,449.248775,425.537309,449.748775,598.962691,911481.111166,78.539816,955.086603,954.343939,26533.000000,11605.337950,7.477723,463.000000,6.395947,5.671491,5.653500,5.689481,47.106481,0.992542,670.050009,648.430694,670.550009,376.069306,18874.237007,137.411460,137.355625,614.000000,240.314249,0.000000,6.318376,5.496260,5.403613,5.588907,54.598209,0.989493
13,HD147302_Bessell B_0979_out.fits,13.000000,0.000000,58589.747539,2458589.747539,2458589.747470,2458589.742319,2458589.743088,2.541864,23.007114,NaN,12.000000,0.000000,0.000000,11.866715,5.000000,11.000000,17.000000,48.989866,0.000000,0.370584,0.000000,132.196365,0.000000,17840.316405,133.596457,448.507126,425.221975,449.007126,599.278025,873994.708818,78.539816,935.103975,934.649763,25375.000000,11128.046252,4.263975,453.000000,6.014373,5.759212,5.661413,5.857010,55.735590,0.991396,669.396197,648.036825,669.896197,376.463175,17840.316405,133.596457,133.538843,559.000000,227.149963,0.000000,5.829443,5.641528,5.545072,5.737983,53.820091,0.987275
14,HD147302_Bessell B_0982_out.fits,14.000000,0.000000,58589.748095,2458589.748095,2458589.748026,2458589.742876,2458589.743644,2.521422,23.207501,NaN,12.000000,0.000000,0.000000,11.273229,5.000000,11.000000,17.000000,48.395627,0.000000,0.348102,0.000000,139.027242,0.000000,19735.508067,140.510534,449.115099,425.203427,449.615099,599.296573,955112.283097,78.539816,977.303406,977.293518,33203.000000,12160.867285,0.000000,451.000000,5.407728,5.387584,5.442941,5.332228,36.181058,0.995401,670.041960,647.975852,670.541960,376.524148,19735.508067,140.510534,140.455719,760.000000,251.280293,0.000000,5.272014,5.134196,5.153907,5.114485,41.996828,0.994616
15,HD147302_Bessell B_0985_out.fits,15.000000,0.000000,58589.748649,2458589.748649,2458589.748580,2458589.743429,2458589.744197,2.501426,23.406964,NaN,12.000000,0.000000,0.000000,10.755695,5.000000,11.000000,17.000000,48.116434,0.000000,0.345755,0.000000,139.163508,0.000000,19776.729472,140.657062,448.911559,424.875715,449.411559,599.624285,951585.702948,78.539816,975.777182,975.207988,34274.000000,12115.965472,5.755376,460.000000,5.219532,5.333133,5.357453,5.308813,42.213465,0.991181,669.899376,647.690643,670.399376,376.809357,19776.729472,140.657062,140.602463,781.000000,251.805140,0.000000,5.018629,5.075592,5.094777,5.056406,43.347977,0.982795
16,HD147302_Bessell B_0988_out.fits,16.000000,0.000000,58589.749195,2458589.749195,2458589.749126,2458589.743975,2458589.744743,2.482035,23.603729,NaN,12.000000,0.000000,0.000000,10.742130,5.000000,11.000000,17.000000,48.534933,0.000000,0.346705,0.000000,139.989261,0.000000,20008.311989,141.477963,450.495273,424.803446,450.995273,599.696554,971102.073540,78.539816,985.450108,985.440121,34539.000000,12364.455620,0.000000,451.000000,5.456876,5.199727,5.233497,5.165957,39.443192,0.995459,671.306547,647.629455,671.806547,376.870545,20008.311989,141.477963,141.423523,817.000000,254.753740,0.000000,5.271689,4.904021,5.004477,4.803564,26.050539,0.995555
17,HD147302_Bessell B_0991_out.fits,17.000000,0.000000,58589.749751,2458589.749751,2458589.749682,2458589.744531,2458589.745300,2.462618,23.804154,NaN,12.000000,0.000000,0.000000,11.063051,5.000000,11.000000,17.000000,48.690333,0.000000,0.354503,0.000000,137.348330,0.000000,19259.525003,138.806339,451.208067,424.663654,451.708067,599.836346,937752.689033,78.539816,968.381476,968.371155,30185.000000,11939.838069,0.000000,462.000000,5.756506,5.464132,5.550772,5.377492,33.073598,0.993853,672.199445,647.540936,672.699445,376.959064,19259.525003,138.806339,138.751048,698.000000,245.219888,0.000000,5.627466,5.269040,5.310764,5.227317,39.710808,0.992559
18,HD147302_Bessell B_0994_out.fits,18.000000,0.000000,58589.750307,2458589.750307,2458589.750238,2458589.745087,2458589.745856,2.443532,24.004538,NaN,12.000000,0.000000,0.000000,11.437018,5.000000,11.000000,17.000000,48.739698,0.000000,0.364207,0.000000,133.824348,0.000000,18283.948106,135.246618,451.112748,424.822615,451.612748,599.677385,891154.103270,78.539816,944.021915,943.997263,26382.000000,11346.526447,0.111842,452.000000,5.962462,5.735140,5.844161,5.626120,21.843040,0.997238,672.037816,647.743922,672.537816,376.756078,18283.948106,135.246618,135.189688,582.000000,232.798458,0.000000,5.848522,5.539161,5.618698,5.459625,26.746594,0.997671
19,HD147302_Bessell B_0997_out.fits,19.000000,0.000000,58589.750861,2458589.750861,2458589.750792,2458589.745641,2458589.746409,2.424842,24.204121,NaN,12.000000,0.000000,0.000000,11.127522,5.000000,11.000000,17.000000,48.351068,0.000000,0.344860,0.000000,140.204957,0.000000,20071.463592,141.700721,451.312479,424.721871,451.812479,599.778129,970476.704591,78.539816,985.132637,985.122884,35454.000000,12356.493175,0.000000,481.000000,5.455629,5.258058,5.448920,5.067195,18.044042,0.991951,672.170325,647.598304,672.670325,376.901696,20071.463592,141.700721,141.646870,784.000000,255.557812,0.000000,5.362397,5.018771,5.167577,4.869966,21.327015,0.993510
20,HD147302_Bessell B_1000_out.fits,20.000000,0.000000,58589.751417,2458589.751417,2458589.751348,2458589.746197,2458589.746965,2.406391,24.404482,NaN,12.000000,0.000000,0.000000,11.614340,5.000000,11.000000,17.000000,48.579517,0.000000,0.353480,0.000000,137.432128,0.000000,19283.894515,138.894043,450.473629,424.451881,450.973629,600.048119,936802.278631,78.539816,967.890573,967.880362,29177.000000,11927.737068,0.000000,468.000000,6.225558,5.447044,5.439264,5.454824,45.807301,0.989722,671.485711,647.382357,671.985711,377.117643,19283.894515,138.894043,138.838889,649.000000,245.530171,0.000000,5.875601,5.279317,5.193557,5.365078,52.541157,0.984418
21,HD147302_Bessell B_1003_out.fits,21.000000,0.000000,58589.751974,2458589.751974,2458589.751905,2458589.746754,2458589.747523,2.388210,24.605235,NaN,12.000000,0.000000,0.000000,11.639735,5.000000,11.000000,17.000000,48.947887,0.000000,0.354351,0.000000,138.133796,0.000000,19478.308693,139.592275,451.660433,424.573638,452.160433,599.926362,953422.046237,78.539816,976.438347,976.428311,31672.000000,12139.346521,0.000000,454.000000,6.035962,5.395288,5.454017,5.336558,38.758083,0.989859,672.579375,647.425672,673.079375,377.074328,19478.308693,139.592275,139.537153,759.000000,248.005529,0.000000,5.629168,5.085132,5.111761,5.058503,42.105199,0.989221
22,HD147302_Bessell B_1006_out.fits,22.000000,0.000000,58589.752515,2458589.752515,2458589.752446,2458589.747296,2458589.748064,2.370823,24.800387,NaN,12.000000,0.000000,0.000000,11.339439,5.000000,11.000000,17.000000,48.843738,0.000000,0.355521,0.000000,137.386551,0.000000,19269.205362,138.841120,453.036868,424.326156,453.536868,600.173844,941180.008992,78.539816,970.406088,969.882630,30489.000000,11983.476062,5.236264,472.000000,5.648670,5.448084,5.514393,5.381776,32.426512,0.996720,674.006380,647.117672,674.506380,377.382328,19269.205362,138.841120,138.786012,711.000000,245.343143,0.000000,5.390472,5.201081,5.157209,5.244953,53.134680,0.996374
23,HD147302_Bessell B_1009_out.fits,23.000000,0.000000,58589.753069,2458589.753069,2458589.752999,2458589.747849,2458589.748617,2.353338,24.999853,NaN,12.000000,0.000000,0.000000,11.443677,5.000000,11.000000,17.000000,47.725537,0.000000,0.346710,0.000000,137.652486,0.000000,19352.745294,139.141710,454.237731,424.942236,454.737731,599.557764,923620.155639,78.539816,961.056753,961.046424,28599.000000,11759.897065,0.000000,464.000000,5.920677,5.612743,5.621025,5.604461,41.043064,0.999541,675.166552,647.742563,675.666552,376.757437,19352.745294,139.141710,139.086585,674.000000,246.406806,0.000000,5.627239,5.334835,5.320087,5.349584,291.653682,0.999942
24,HD147302_Bessell B_1012_out.fits,24.000000,0.000000,58589.753619,2458589.753619,2458589.753549,2458589.748399,2458589.749167,2.336245,25.198025,NaN,12.000000,0.000000,0.000000,11.792864,5.000000,11.000000,17.000000,48.565012,0.000000,0.355681,0.000000,136.540781,0.000000,19034.947096,137.994896,454.540606,423.892050,455.040606,600.607950,924432.432505,78.539816,961.712060,961.236186,27940.000000,11770.239295,4.678063,475.000000,6.192098,5.625231,5.573814,5.676648,51.869501,0.994076,675.406815,646.692483,675.906815,377.807517,19034.947096,137.994896,137.939501,648.000000,242.360474,0.000000,5.949954,5.357335,5.259163,5.455507,59.285268,0.994131
25,HD147302_Bessell B_1015_out.fits,25.000000,0.000000,58589.754174,2458589.754174,2458589.754104,2458589.748954,2458589.749722,2.319274,25.397988,NaN,12.000000,0.000000,0.000000,11.755479,5.000000,11.000000,17.000000,48.871743,0.000000,0.353004,0.000000,138.445384,0.000000,19566.836228,139.908930,454.193325,424.075734,454.693325,600.424266,956265.390941,78.539816,977.893116,977.883345,30826.000000,12175.549110,0.000000,463.000000,6.002861,5.479150,5.493596,5.464703,41.889321,0.997632,675.127670,646.828293,675.627670,377.671707,19566.836228,139.908930,139.854091,751.000000,249.132697,0.000000,5.715234,5.192256,5.159080,5.225432,57.231902,0.999048
26,HD147302_Bessell B_1018_out.fits,26.000000,0.000000,58589.754725,2458589.754725,2458589.754655,2458589.749505,2458589.750273,2.302685,25.596611,NaN,12.000000,0.000000,0.000000,11.644587,5.000000,11.000000,17.000000,48.776741,0.000000,0.354433,0.000000,137.619133,0.000000,19334.811261,139.077207,455.565702,423.801709,456.065702,600.698291,943089.087295,78.539816,971.132922,971.122558,30892.000000,12007.783202,0.000000,469.000000,5.851141,5.458382,5.641202,5.275563,28.414606,0.985044,676.463305,646.714809,676.963305,377.785191,19334.811261,139.077207,139.022142,710.000000,246.178463,0.000000,5.682554,5.198178,5.376129,5.020226,30.363222,0.980440
27,HD147302_Bessell B_1021_out.fits,27.000000,0.000000,58589.755272,2458589.755272,2458589.755203,2458589.750052,2458589.750821,2.286464,25.793916,NaN,12.000000,0.000000,0.000000,11.319915,5.000000,11.000000,17.000000,48.502185,0.000000,0.352198,0.000000,137.712807,0.000000,19363.552125,139.180599,456.268629,424.193927,456.768629,600.306073,939174.583862,78.539816,969.353764,968.866701,31300.000000,11957.942196,4.846369,457.000000,5.635329,5.417123,5.413602,5.420645,45.504744,0.994554,677.199503,646.994683,677.699503,377.505317,19363.552125,139.180599,139.125368,720.000000,246.544403,0.000000,5.359913,5.133230,5.116738,5.149721,46.756683,0.989006
28,HD147302_Bessell B_1024_out.fits,28.000000,0.000000,58589.755828,2458589.755828,2458589.755759,2458589.750608,2458589.751377,2.270243,25.994355,NaN,12.000000,0.000000,0.000000,11.346564,5.000000,11.000000,17.000000,48.379507,0.000000,0.349975,0.000000,138.237022,0.000000,19512.227980,139.713690,455.653171,423.916170,456.153171,600.583830,943991.977837,78.539816,971.880451,971.304625,31160.000000,12019.279161,5.872500,457.000000,5.755159,5.461148,5.690778,5.231517,13.572252,0.991100,676.609264,646.713470,677.109264,377.786530,19512.227980,139.713690,139.658669,731.000000,248.437403,0.000000,5.618054,5.195971,5.454894,4.937049,17.755880,0.985084
29,HD147302_Bessell B_1027_out.fits,29.000000,0.000000,58589.756382,2458589.756382,2458589.756312,2458589.751162,2458589.751930,2.254347,26.193908,NaN,12.000000,0.000000,0.000000,11.316592,5.000000,11.000000,17.000000,49.384816,0.000000,0.365707,0.000000,135.039193,0.000000,18612.496603,136.455714,455.419406,423.948575,455.919406,600.551425,919174.728086,78.539816,958.928154,958.543896,28606.000000,11703.296123,3.690402,466.000000,5.733953,5.633360,5.588136,5.678584,51.088412,0.994207,676.411366,646.797492,676.911366,377.702508,18612.496603,136.455714,136.399540,639.000000,236.981667,0.000000,5.552667,5.390269,5.357559,5.422978,48.534025,0.990272
30,HD147302_Bessell B_1030_out.fits,30.000000,0.000000,58589.756938,2458589.756938,2458589.756868,2458589.751718,2458589.752486,2.238626,26.394376,NaN,12.000000,0.000000,0.000000,11.227019,5.000000,11.000000,17.000000,48.046468,0.000000,0.347029,0.000000,138.450808,0.000000,19575.110668,139.938524,455.340550,424.094175,455.840550,600.405825,940514.922445,78.539816,969.806386,969.796586,31375.000000,11975.007917,0.000000,460.000000,5.681587,5.475622,5.301794,5.649450,58.815549,0.981296,676.288865,646.824514,676.788865,377.675486,19575.110668,139.938524,139.883644,703.000000,249.238050,0.000000,5.455858,5.236058,5.046639,5.425477,59.182213,0.976867
31,HD147302_Bessell B_1033_out.fits,31.000000,0.000000,58589.757493,2458589.757493,2458589.757423,2458589.752273,2458589.753041,2.223182,26.594392,NaN,12.000000,0.000000,0.000000,11.387003,5.000000,11.000000,17.000000,48.045117,0.000000,0.345396,0.000000,139.101434,0.000000,19759.745437,140.596684,456.255272,423.932979,456.755272,600.567021,949359.283428,78.539816,974.694190,974.007328,30779.000000,12087.617818,7.072993,459.000000,5.844401,5.429217,5.501173,5.357262,38.120166,0.987585,677.286049,646.845911,677.786049,377.654089,19759.745437,140.596684,140.542044,684.000000,251.588893,0.000000,5.702585,5.200358,5.267104,5.133613,39.539723,0.981647
32,HD147302_Bessell B_1036_out.fits,32.000000,0.000000,58589.758045,2458589.758045,2458589.757975,2458589.752825,2458589.753594,2.208045,26.793490,NaN,12.000000,0.000000,0.000000,10.945615,5.000000,11.000000,17.000000,48.191994,0.000000,0.345801,0.000000,139.363383,0.000000,19832.693634,140.855860,456.381003,424.200404,456.881003,600.299596,955777.057385,78.539816,977.643453,977.633568,33875.000000,12169.331454,0.000000,460.000000,5.396438,5.365396,5.454403,5.276388,36.569191,0.986924,677.342510,647.065701,677.842510,377.434299,19832.693634,140.855860,140.801338,790.000000,252.517698,0.000000,5.107789,5.165926,5.195137,5.136714,42.891931,0.976339
33,HD147302_Bessell B_1039_out.fits,33.000000,0.000000,58589.758595,2458589.758595,2458589.758525,2458589.753375,2458589.754143,2.193206,26.991670,NaN,12.000000,0.000000,0.000000,11.505754,5.000000,11.000000,17.000000,49.297033,0.000000,0.370080,0.000000,133.206332,0.000000,18111.401024,134.607162,455.669041,424.056274,456.169041,600.443726,892838.332763,78.539816,944.906620,944.895838,25292.000000,11367.970723,0.000000,457.000000,6.256682,5.772976,5.877437,5.668515,30.691360,0.994295,676.480109,646.879889,676.980109,377.620111,18111.401024,134.607162,134.550055,582.000000,230.601520,0.000000,5.809210,5.553673,5.634946,5.472401,37.274698,0.987935
34,HD147302_Bessell B_1042_out.fits,34.000000,0.000000,58589.759151,2458589.759151,2458589.759081,2458589.753931,2458589.754700,2.178420,27.192165,NaN,12.000000,0.000000,0.000000,11.522160,5.000000,11.000000,17.000000,48.640380,0.000000,0.352967,0.000000,137.804202,0.000000,19387.947642,139.268211,455.246505,423.709839,455.746505,600.790161,943037.132830,78.539816,971.106005,971.095975,30699.000000,12007.121697,0.000000,457.000000,5.845791,5.467836,5.375006,5.560667,57.653632,0.993694,676.198348,646.561317,676.698348,377.938683,19387.947642,139.268211,139.213015,683.000000,246.855016,0.000000,5.692775,5.222585,5.107993,5.337177,58.210033,0.990282
35,HD147302_Bessell B_1045_out.fits,35.000000,0.000000,58589.759704,2458589.759704,2458589.759635,2458589.754485,2458589.755253,2.163923,27.391737,NaN,12.000000,0.000000,0.000000,11.648031,5.000000,11.000000,17.000000,49.124668,0.000000,0.355882,0.000000,138.036410,0.000000,19449.397221,139.488435,454.944158,423.727049,455.444158,600.772951,955445.190518,78.539816,977.473812,977.463722,30442.000000,12165.105994,0.000000,483.000000,6.082250,5.508366,5.607745,5.408987,27.659231,0.995981,675.840994,646.695632,676.340994,377.804368,19449.397221,139.488435,139.433761,677.000000,247.637417,0.000000,5.691651,5.299298,5.339511,5.259084,36.691262,0.997184
36,HD147302_Bessell B_1048_out.fits,36.000000,0.000000,58589.760257,2458589.760257,2458589.760187,2458589.755037,2458589.755806,2.149676,27.590841,NaN,12.000000,0.000000,0.000000,11.370367,5.000000,11.000000,17.000000,48.721282,0.000000,0.352041,0.000000,138.396585,0.000000,19554.394258,139.864467,455.149238,423.663510,455.649238,600.836490,952715.157562,78.539816,976.239724,975.902879,32569.000000,12130.346135,3.280374,462.000000,5.600583,5.368338,5.353249,5.383427,49.950268,0.998931,676.165064,646.631908,676.665064,377.868092,19554.394258,139.864467,139.809593,744.000000,248.974280,0.000000,5.492121,5.100222,5.022534,5.177911,63.326696,0.997397
37,HD147302_Bessell B_1051_out.fits,37.000000,0.000000,58589.760794,2458589.760794,2458589.760725,2458589.755575,2458589.756343,2.136018,27.784532,NaN,12.000000,0.000000,0.000000,11.625948,5.000000,11.000000,17.000000,47.882551,0.000000,0.348177,0.000000,137.523765,0.000000,19315.293355,139.007088,455.982611,423.847904,456.482611,600.652096,924865.511319,78.539816,961.708153,961.690414,28139.000000,11775.753426,0.056338,461.000000,6.031796,5.566876,5.714283,5.419470,24.249407,0.993622,676.959619,646.763382,677.459619,377.736618,19315.293355,139.007088,138.951859,685.000000,245.929953,0.000000,5.849734,5.352018,5.496384,5.207652,27.349958,0.991297
38,HD147302_Bessell B_1054_out.fits,38.000000,0.000000,58589.761347,2458589.761347,2458589.761278,2458589.756128,2458589.756896,2.122151,27.984093,NaN,12.000000,0.000000,0.000000,11.339926,5.000000,11.000000,17.000000,48.554146,0.000000,0.358995,0.000000,135.250179,0.000000,18676.924749,136.691622,455.567216,423.775620,456.067216,600.724380,906842.124208,78.539816,952.346148,952.219029,29121.000000,11546.272534,1.029412,462.000000,5.754176,5.617783,5.745179,5.490387,26.150693,0.994505,676.401772,646.651544,676.901772,377.848456,18676.924749,136.691622,136.635475,669.000000,237.801992,0.000000,5.299727,5.332970,5.451987,5.213954,28.747127,0.993108
39,HD147302_Bessell B_1057_out.fits,39.000000,0.000000,58589.761893,2458589.761893,2458589.761824,2458589.756674,2458589.757442,2.108671,28.180937,NaN,12.000000,0.000000,0.000000,10.701276,5.000000,11.000000,17.000000,49.302459,0.000000,0.359998,0.000000,136.951991,0.000000,19143.886830,138.389074,455.001520,423.911831,455.501520,600.588169,943840.703363,78.539816,971.668963,971.360349,34808.000000,12017.353075,2.950658,473.000000,5.149989,5.312070,5.414263,5.209877,26.371158,0.995964,675.940554,646.832566,676.440554,377.667434,19143.886830,138.389074,138.333803,780.000000,243.747538,0.000000,4.912638,5.076723,5.145994,5.007453,33.589091,0.995052
40,HD147302_Bessell B_1060_out.fits,40.000000,0.000000,58589.762437,2458589.762437,2458589.762368,2458589.757218,2458589.757986,2.095445,28.376899,NaN,12.000000,0.000000,0.000000,10.689776,5.000000,11.000000,17.000000,49.117344,0.000000,0.356612,0.000000,137.733468,0.000000,19364.512436,139.183997,454.427129,423.620727,454.927129,600.879273,951133.417684,78.539816,975.588447,974.933047,34631.000000,12110.206797,6.748780,463.000000,5.386325,5.302081,5.361817,5.242344,38.300540,0.990547,675.372217,646.536028,675.872217,377.963972,19364.512436,139.183997,139.128872,757.000000,246.556630,0.000000,5.291950,5.048415,5.133841,4.962990,37.309906,0.983728
41,HD147302_Bessell B_1063_out.fits,41.000000,0.000000,58589.762993,2458589.762993,2458589.762924,2458589.757774,2458589.758542,2.082102,28.577455,NaN,12.000000,0.000000,0.000000,10.724512,5.000000,11.000000,17.000000,48.867905,0.000000,0.355759,0.000000,137.362316,0.000000,19262.285735,138.816275,456.156756,423.762749,456.656756,600.737251,941307.551236,78.539816,970.529081,969.891135,32837.000000,11985.099980,6.494949,463.000000,5.451736,5.365810,5.364798,5.366822,45.319917,0.998859,677.070039,646.640660,677.570039,377.859340,19262.285735,138.816275,138.761004,718.000000,245.255039,0.000000,5.307511,5.118944,5.064790,5.173097,54.070187,0.995383
42,HD147302_Bessell B_1066_out.fits,42.000000,0.000000,58589.763546,2458589.763546,2458589.763477,2458589.758327,2458589.759095,2.069029,28.776845,NaN,12.000000,0.000000,0.000000,11.198325,5.000000,11.000000,17.000000,48.263041,0.000000,0.353253,0.000000,136.624590,0.000000,19060.834824,138.088846,457.283227,424.026508,457.783227,600.473492,919933.860406,78.539816,959.453754,958.810007,29248.000000,11712.961696,6.470738,454.000000,5.974706,5.592659,5.620759,5.564559,41.893145,0.991381,678.200103,646.945213,678.700103,377.554787,19060.834824,138.088846,138.033124,703.000000,242.690087,0.000000,5.697432,5.343338,5.384383,5.302294,39.566638,0.993360
43,HD147302_Bessell B_1069_out.fits,43.000000,0.000000,58589.764104,2458589.764104,2458589.764035,2458589.758885,2458589.759653,2.056032,28.977962,NaN,12.000000,0.000000,0.000000,11.527354,5.000000,11.000000,17.000000,48.730217,0.000000,0.361601,0.000000,134.762258,0.000000,18541.194438,136.194181,456.219963,423.866997,456.719963,600.633003,903516.420878,78.539816,950.717098,950.352553,26663.000000,11503.928364,3.444089,468.000000,6.062608,5.698896,5.820433,5.577359,24.106204,0.995907,677.187855,646.731122,677.687855,377.768878,18541.194438,136.194181,136.137934,639.000000,236.073820,0.000000,5.793774,5.450680,5.551584,5.349776,30.078182,0.994468
44,HD147302_Bessell B_1072_out.fits,44.000000,0.000000,58589.764656,2458589.764656,2458589.764587,2458589.759437,2458589.760205,2.043345,29.177120,NaN,12.000000,0.000000,0.000000,11.938311,5.000000,11.000000,17.000000,49.846057,0.000000,0.371285,0.000000,134.252809,0.000000,18393.143905,135.649627,456.472183,423.441756,456.972183,601.058244,916825.693934,78.539816,957.794028,957.226363,26220.000000,11673.387291,5.604972,461.000000,6.262332,5.610962,5.817660,5.404265,20.788067,0.990326,677.421440,646.299577,677.921440,378.200423,18393.143905,135.649627,135.593030,628.000000,234.188782,0.000000,6.086936,5.412467,5.565859,5.259074,28.741536,0.988899
45,HD147302_Bessell B_1075_out.fits,45.000000,0.000000,58589.765214,2458589.765214,2458589.765144,2458589.759995,2458589.760763,2.030725,29.378072,NaN,12.000000,0.000000,0.000000,10.981263,5.000000,11.000000,17.000000,48.809380,0.000000,0.357885,0.000000,136.382774,0.000000,18989.152822,137.829033,457.250321,423.659049,457.750321,600.840951,926848.773444,78.539816,963.083528,962.376311,35030.000000,11801.005103,7.188725,456.000000,5.137484,5.402760,5.532447,5.273072,28.019356,0.992623,678.183318,646.521893,678.683318,377.978107,18989.152822,137.829033,137.773243,753.000000,241.777403,0.000000,4.886732,5.111409,5.242250,4.980567,30.635562,0.988670
46,HD147302_Bessell B_1078_out.fits,46.000000,0.000000,58589.765769,2458589.765769,2458589.765699,2458589.760549,2458589.761318,2.018338,29.578141,NaN,12.000000,0.000000,0.000000,11.023979,5.000000,11.000000,17.000000,49.093132,0.000000,0.364399,0.000000,134.723676,0.000000,18527.831159,136.145079,458.145577,423.606069,458.645577,600.893931,909589.262667,78.539816,953.919553,953.528272,29010.000000,11581.250187,3.672297,472.000000,5.672555,5.569215,5.709129,5.429300,21.567145,0.995265,679.034123,646.446158,679.534123,378.053842,18527.831159,136.145079,136.088879,708.000000,235.903673,0.000000,5.394138,5.342528,5.465256,5.219800,27.398045,0.993655
47,HD147302_Bessell B_1081_out.fits,47.000000,0.000000,58589.766323,2458589.766323,2458589.766254,2458589.761104,2458589.761873,2.006125,29.778193,NaN,12.000000,0.000000,0.000000,11.039634,5.000000,11.000000,17.000000,48.514035,0.000000,0.352667,0.000000,137.563451,0.000000,19321.290775,139.028650,459.128189,423.709885,459.628189,600.790115,937353.783960,78.539816,968.175501,968.165155,31794.000000,11934.759051,0.000000,462.000000,5.632563,5.483758,5.464634,5.502883,293.909227,0.999892,680.125383,646.566290,680.625383,377.933710,19321.290775,139.028650,138.973447,704.000000,246.006315,0.000000,5.422725,5.228167,5.214497,5.241837,304.613868,0.999783
48,HD147302_Bessell B_1084_out.fits,48.000000,0.000000,58589.766881,2458589.766881,2458589.766811,2458589.761662,2458589.762430,1.994025,29.979207,NaN,12.000000,0.000000,0.000000,11.274412,5.000000,11.000000,17.000000,48.772453,0.000000,0.359632,0.000000,135.617704,0.000000,18777.023100,137.057306,459.141946,423.698231,459.641946,600.801769,915801.471875,78.539816,957.273615,956.676814,29039.000000,11660.346491,5.939153,459.000000,5.943620,5.616872,5.770295,5.463450,34.130295,0.978278,680.067708,646.576837,680.567708,377.923163,18777.023100,137.057306,137.001256,639.000000,239.076483,0.000000,5.565571,5.412081,5.597616,5.226546,34.230485,0.965205
49,HD147302_Bessell B_1087_out.fits,49.000000,0.000000,58589.767436,2458589.767436,2458589.767366,2458589.762217,2458589.762985,1.982151,30.179260,NaN,12.000000,0.000000,0.000000,11.458880,5.000000,11.000000,17.000000,49.089065,0.000000,0.361218,0.000000,135.898640,0.000000,18852.337205,137.331750,459.468935,423.899002,459.968935,600.600998,925443.600236,78.539816,962.200988,961.798639,28999.000000,11783.113882,3.844156,463.000000,5.824531,5.539502,5.493762,5.585242,51.911127,0.995223,680.352424,646.801702,680.852424,377.698298,18852.337205,137.331750,137.275882,640.000000,240.035412,0.000000,5.818816,5.375069,5.383920,5.366218,44.136711,0.988053
50,HD147302_Bessell B_1090_out.fits,50.000000,0.000000,58589.770513,2458589.770513,2458589.770444,2458589.765294,2458589.766063,1.919164,31.289034,NaN,12.000000,0.000000,0.000000,11.670843,5.000000,11.000000,17.000000,48.741012,0.000000,0.365869,0.000000,133.219794,0.000000,18119.358820,134.636611,460.683825,423.537978,461.183825,600.962022,883155.878449,78.539816,940.054881,939.472680,27392.000000,11244.689886,5.622535,469.000000,5.982622,5.678335,5.784434,5.572236,28.630231,0.995229,681.633274,646.475308,682.133274,378.024692,18119.358820,134.636611,134.579730,594.000000,230.702842,0.000000,5.900184,5.532905,5.623291,5.442519,32.641120,0.993898
51,HD147302_Bessell B_1093_out.fits,51.000000,0.000000,58589.771070,2458589.771070,2458589.771001,2458589.765851,2458589.766619,1.908268,31.489788,NaN,12.000000,0.000000,0.000000,12.052575,5.000000,11.000000,17.000000,48.895928,0.000000,0.364573,0.000000,134.118272,0.000000,18363.440196,135.540060,460.497943,423.504536,460.997943,600.995464,897897.443142,78.539816,948.013588,947.135626,25109.000000,11432.385317,8.792593,465.000000,6.319033,5.589577,5.661617,5.517537,34.745248,0.994589,681.427800,646.290846,681.927800,378.209154,18363.440196,135.540060,135.483489,550.000000,233.810582,0.000000,6.115275,5.512349,5.574224,5.450475,38.860042,0.988862
52,HD147302_Bessell B_1096_out.fits,52.000000,0.000000,58589.771627,2458589.771627,2458589.771557,2458589.766408,2458589.767176,1.897515,31.690585,NaN,12.000000,0.000000,0.000000,11.747015,5.000000,11.000000,17.000000,48.117369,0.000000,0.346789,0.000000,138.751084,0.000000,19659.792367,140.240853,461.119238,423.477905,461.619238,601.022095,945977.485891,78.539816,972.956638,972.270961,31175.000000,12044.559435,7.022388,450.000000,5.876778,5.437322,5.397785,5.476858,48.445836,0.985313,682.008494,646.287266,682.508494,378.212734,19659.792367,140.240853,140.185915,704.000000,250.316251,0.000000,5.564678,5.250341,5.191591,5.309091,49.451996,0.979099
53,HD147302_Bessell B_1099_out.fits,53.000000,0.000000,58589.772179,2458589.772179,2458589.772110,2458589.766960,2458589.767728,1.886991,31.889762,NaN,12.000000,0.000000,0.000000,11.803394,5.000000,11.000000,17.000000,48.667389,0.000000,0.364654,0.000000,133.461910,0.000000,18185.961640,134.883909,461.214515,423.568459,461.714515,600.931541,885063.269615,78.539816,941.208724,940.347499,26426.000000,11268.975545,8.578049,449.000000,6.045684,5.702927,5.630099,5.775755,65.331687,0.998464,682.094510,646.463936,682.594510,378.036064,18185.961640,134.883909,134.826769,582.000000,231.550855,0.000000,5.814090,5.472742,5.308994,5.636490,67.602700,0.992902
54,HD147302_Bessell B_1102_out.fits,54.000000,0.000000,58589.772725,2458589.772725,2458589.772656,2458589.767506,2458589.768275,1.876721,32.086682,NaN,12.000000,0.000000,0.000000,11.921805,5.000000,11.000000,17.000000,48.732725,0.000000,0.371534,0.000000,131.166251,0.000000,17565.472523,132.563841,460.115494,423.546261,460.615494,600.953739,856013.337592,78.539816,925.611012,924.808939,24159.000000,10899.100322,7.706522,452.000000,6.146995,5.819070,5.826882,5.811259,44.072675,0.993118,680.975363,646.451572,681.475363,378.048428,17565.472523,132.563841,132.505760,540.000000,223.650542,0.000000,5.893220,5.709397,5.711118,5.707676,44.814995,0.991287
55,HD147302_Bessell B_1105_out.fits,55.000000,0.000000,58589.773279,2458589.773279,2458589.773209,2458589.768060,2458589.768828,1.866445,32.286313,NaN,12.000000,0.000000,0.000000,11.848186,5.000000,11.000000,17.000000,47.925237,0.000000,0.354139,0.000000,135.328922,0.000000,18703.972580,136.790542,458.531563,423.819059,459.031563,600.680941,896392.312049,78.539816,947.276288,946.283913,26536.000000,11413.221393,10.072727,460.000000,6.006849,5.676405,5.646606,5.706203,49.728363,0.995917,679.515631,646.769249,680.015631,377.730751,18703.972580,136.790542,136.734400,600.000000,238.146375,0.000000,5.767718,5.506085,5.447207,5.564964,51.437406,0.990790
56,HD147302_Bessell B_1108_out.fits,56.000000,0.000000,58589.773838,2458589.773838,2458589.773768,2458589.768619,2458589.769387,1.856207,32.487834,NaN,12.000000,0.000000,0.000000,11.644551,5.000000,11.000000,17.000000,48.441763,0.000000,0.354718,0.000000,136.564253,0.000000,19042.661884,138.023102,458.677525,423.617750,459.177525,600.882250,922460.108281,78.539816,960.842828,960.053072,30209.000000,11745.126883,7.992500,446.000000,5.926029,5.529877,5.737222,5.322531,23.839034,0.987630,679.709456,646.446251,680.209456,378.053749,19042.661884,138.023102,137.967207,707.000000,242.458701,0.000000,5.514887,5.325482,5.590099,5.060864,23.783520,0.978414
57,HD147302_Bessell B_1111_out.fits,57.000000,0.000000,58589.774391,2458589.774391,2458589.774321,2458589.769172,2458589.769940,1.846206,32.687277,NaN,12.000000,0.000000,0.000000,11.292748,5.000000,11.000000,17.000000,47.996436,0.000000,0.344745,0.000000,139.222850,0.000000,19794.651358,140.720835,459.285962,423.753136,459.785962,600.746864,950072.721327,78.539816,975.036373,974.397210,33082.000000,12096.701592,6.546366,451.000000,5.651047,5.346169,5.289615,5.402724,49.866924,0.984344,680.151413,646.578953,680.651413,377.921047,19794.651358,140.720835,140.666102,765.000000,252.033329,0.000000,5.289898,5.074614,5.026275,5.122953,48.836429,0.979644
58,HD147302_Bessell B_1114_out.fits,58.000000,0.000000,58589.774947,2458589.774947,2458589.774878,2458589.769728,2458589.770497,1.836274,32.887962,NaN,12.000000,0.000000,0.000000,11.804511,5.000000,11.000000,17.000000,48.786237,0.000000,0.370952,0.000000,131.516130,0.000000,17658.988322,132.916251,458.531784,423.664601,459.031784,600.835399,861515.591873,78.539816,928.672149,927.685398,24447.000000,10969.157200,9.611399,436.000000,6.226021,5.738948,5.715210,5.762685,48.281594,0.994762,679.503572,646.560677,680.003572,377.939323,17658.988322,132.916251,132.858008,537.000000,224.841223,0.000000,6.090253,5.497863,5.526937,5.468788,42.149861,0.988661
59,HD147302_Bessell B_1117_out.fits,59.000000,0.000000,58589.775502,2458589.775502,2458589.775433,2458589.770283,2458589.771051,1.826496,33.088095,NaN,12.000000,0.000000,0.000000,12.249404,5.000000,11.000000,17.000000,48.483726,0.000000,0.367405,0.000000,131.962576,0.000000,17781.175474,133.374970,458.350511,424.027038,458.850511,600.472962,862097.634160,78.539816,928.920319,928.064137,23126.000000,10976.567992,8.281501,449.000000,6.505696,5.854676,5.922807,5.786546,37.042297,0.992798,679.317107,646.924336,679.817107,377.575664,17781.175474,133.374970,133.317184,524.000000,226.396958,0.000000,6.188601,5.683767,5.748727,5.618807,37.313070,0.992568
60,HD147302_Bessell B_1120_out.fits,60.000000,0.000000,58589.776058,2458589.776058,2458589.775989,2458589.770839,2458589.771608,1.816824,33.288625,NaN,12.000000,0.000000,0.000000,12.415020,5.000000,11.000000,17.000000,49.063794,0.000000,0.365043,0.000000,134.405387,0.000000,18440.845332,135.825468,457.381341,423.813190,457.881341,600.686810,904777.838327,78.539816,951.575366,950.820998,25766.000000,11519.989230,7.580882,447.000000,6.359558,5.729405,5.808118,5.650693,34.431378,0.994196,678.346258,646.721620,678.846258,377.778380,18440.845332,135.825468,135.768687,546.000000,234.796135,0.000000,6.221078,5.574510,5.662279,5.486741,36.426343,0.988598
61,HD147302_Bessell B_1123_out.fits,61.000000,0.000000,58589.776614,2458589.776614,2458589.776545,2458589.771395,2458589.772164,1.807273,33.489208,NaN,12.000000,0.000000,0.000000,11.994442,5.000000,11.000000,17.000000,47.942014,0.000000,0.350942,0.000000,136.609640,0.000000,19059.406559,138.083729,457.413078,423.837114,457.913078,600.662886,913746.331513,78.539816,956.388957,955.412884,28499.000000,11634.179631,10.015766,448.000000,5.789664,5.587904,5.586326,5.589482,45.233813,0.995212,678.373513,646.680970,678.873513,377.819030,19059.406559,138.083729,138.027896,630.000000,242.671901,0.000000,5.784201,5.379210,5.323906,5.434514,51.379055,0.991332
62,HD147302_Bessell B_1126_out.fits,62.000000,0.000000,58589.777168,2458589.777168,2458589.777098,2458589.771949,2458589.772717,1.797886,33.688866,NaN,12.000000,0.000000,0.000000,11.591125,5.000000,11.000000,17.000000,48.484992,0.000000,0.353739,0.000000,137.064317,0.000000,19181.888717,138.526409,458.879235,423.607605,459.379235,600.892395,930033.722107,78.539816,964.717994,964.047243,29901.000000,11841.557129,6.774359,461.000000,5.810713,5.523043,5.555759,5.490327,42.067256,0.986562,679.735229,646.501242,680.235229,377.998758,19181.888717,138.526409,138.470988,706.000000,244.231393,0.000000,5.377094,5.290053,5.366664,5.213443,38.649983,0.982650
63,HD147302_Bessell B_1129_out.fits,63.000000,0.000000,58589.777725,2458589.777725,2458589.777656,2458589.772507,2458589.773275,1.788555,33.889891,NaN,12.000000,0.000000,0.000000,11.965044,5.000000,11.000000,17.000000,48.716356,0.000000,0.372205,0.000000,130.885692,0.000000,17490.638320,132.281483,459.260630,423.719080,459.760630,600.780920,852080.156639,78.539816,923.517314,922.646651,23139.000000,10849.021507,8.491358,432.000000,6.319190,5.865341,6.164604,5.566078,25.790587,0.973173,680.257212,646.572843,680.757212,377.927157,17490.638320,132.281483,132.222878,533.000000,222.697724,0.000000,6.019773,5.646792,6.005553,5.288031,25.180023,0.960647
64,HD147302_Bessell B_1132_out.fits,64.000000,0.000000,58589.778281,2458589.778281,2458589.778212,2458589.773063,2458589.773831,1.779361,34.090463,NaN,12.000000,0.000000,0.000000,12.680628,5.000000,11.000000,17.000000,48.868689,0.000000,0.381488,0.000000,128.100121,0.000000,16753.308774,129.464236,459.317352,423.698625,459.817352,600.801375,818712.231994,78.539816,905.305489,904.349131,20045.000000,10424.167895,9.134663,460.000000,6.869459,6.024150,6.228955,5.819344,22.536709,0.990751,680.314070,646.610404,680.814070,377.889596,16753.308774,129.464236,129.404917,460.000000,213.309752,0.000000,6.526754,5.891848,6.130819,5.652877,21.901734,0.987408
65,HD147302_Bessell B_1135_out.fits,65.000000,0.000000,58589.778839,2458589.778839,2458589.778769,2458589.773620,2458589.774388,1.770263,34.291483,NaN,12.000000,0.000000,0.000000,12.293222,5.000000,11.000000,17.000000,48.692798,0.000000,0.363688,0.000000,133.886251,0.000000,18301.496800,135.311604,459.283939,423.875390,459.783939,600.624610,891151.087532,78.539816,944.340253,943.675847,25989.000000,11346.488050,6.545692,439.000000,6.048024,5.784881,5.744546,5.825215,51.764661,0.996447,680.191226,646.678329,680.691226,377.821671,18301.496800,135.311604,135.254452,608.000000,233.021895,0.000000,5.857792,5.555785,5.548208,5.563363,46.035151,0.994299
66,HD147302_Bessell B_1138_out.fits,66.000000,0.000000,58589.779392,2458589.779392,2458589.779323,2458589.774174,2458589.774942,1.761336,34.491203,NaN,12.000000,0.000000,0.000000,12.001052,5.000000,11.000000,17.000000,48.032060,0.000000,0.351243,0.000000,136.748874,0.000000,19097.402672,138.221171,459.810738,423.828455,460.310738,600.671545,917287.582471,78.539816,958.107944,957.394820,28512.000000,11679.268239,7.145078,456.000000,5.927568,5.660586,5.820718,5.500454,27.456302,0.990328,680.759061,646.715666,681.259061,377.784334,19097.402672,138.221171,138.165539,665.000000,243.155683,0.000000,5.781315,5.338845,5.513403,5.164287,25.798351,0.988942
67,HD147302_Bessell B_1141_out.fits,67.000000,0.000000,58589.779947,2458589.779947,2458589.779878,2458589.774729,2458589.775497,1.752504,34.691275,NaN,12.000000,0.000000,0.000000,11.659867,5.000000,11.000000,17.000000,48.642089,0.000000,0.361445,0.000000,134.576647,0.000000,18490.970437,136.009779,460.730367,423.882755,461.230367,600.617245,899439.424708,78.539816,948.688082,948.087619,28457.000000,11452.018436,5.768293,456.000000,5.803152,5.632425,5.433337,5.831512,67.001663,0.989671,681.715957,646.838594,682.215957,377.661406,18490.970437,136.009779,135.953242,651.000000,235.434348,0.000000,5.515530,5.394072,5.168516,5.619629,66.382613,0.984882
68,HD147302_Bessell B_1144_out.fits,68.000000,0.000000,58589.780502,2458589.780502,2458589.780433,2458589.775284,2458589.776052,1.743778,34.891424,NaN,12.000000,0.000000,0.000000,11.938432,5.000000,11.000000,17.000000,48.573095,0.000000,0.361375,0.000000,134.411911,0.000000,18446.305958,135.845521,460.915405,423.612309,461.415405,600.887691,895994.179983,78.539816,946.897061,946.242435,25879.000000,11408.152218,6.404959,452.000000,6.298002,5.752618,6.049783,5.455453,17.225008,0.984386,681.874284,646.524888,682.374284,377.975112,18446.305958,135.845521,135.788842,569.000000,234.865662,0.000000,5.918996,5.524233,5.811415,5.237052,16.653255,0.984607
69,HD147302_Bessell B_1147_out.fits,69.000000,0.000000,58589.781058,2458589.781058,2458589.780989,2458589.775840,2458589.776608,1.735142,35.091963,NaN,12.000000,0.000000,0.000000,12.266195,5.000000,11.000000,17.000000,48.442351,0.000000,0.363465,0.000000,133.279225,0.000000,18137.881735,134.705701,461.312398,424.007219,461.812398,600.492781,878641.636476,78.539816,937.685044,937.032794,24477.000000,11187.212772,6.292958,435.000000,6.488753,5.833266,5.765012,5.901519,53.191658,0.993119,682.204318,646.820980,682.704318,377.679020,18137.881735,134.705701,134.648212,566.000000,230.938683,0.000000,6.105205,5.591067,5.476279,5.705856,57.380477,0.990397
70,HD147302_Bessell B_1150_out.fits,70.000000,0.000000,58589.781613,2458589.781613,2458589.781544,2458589.776394,2458589.777163,1.726628,35.292103,NaN,12.000000,0.000000,0.000000,12.690240,5.000000,11.000000,17.000000,48.061238,0.000000,0.358715,0.000000,133.981544,0.000000,18332.395799,135.425646,461.185035,424.273312,461.685035,600.226688,881077.636430,78.539816,939.019729,938.295128,23874.000000,11218.228887,7.049180,448.000000,6.671724,5.851028,5.881577,5.820479,40.587167,0.995368,682.049652,647.145261,682.549652,377.354739,18332.395799,135.425646,135.368716,547.000000,233.415313,0.000000,6.442561,5.704992,5.640518,5.769466,53.052246,0.993362
71,HD147302_Bessell B_1153_out.fits,71.000000,0.000000,58589.782170,2458589.782170,2458589.782101,2458589.776952,2458589.777720,1.718182,35.493113,NaN,12.000000,0.000000,0.000000,11.894736,5.000000,11.000000,17.000000,47.639928,0.000000,0.350086,0.000000,136.080759,0.000000,18914.478636,137.557927,461.074499,424.345491,461.574499,600.154509,901084.409736,78.539816,949.566655,948.942768,28148.000000,11472.963036,6.092958,450.000000,5.732556,5.629609,6.003637,5.255581,16.642384,0.974955,682.157256,647.250382,682.657256,377.249618,18914.478636,137.557927,137.501917,690.000000,240.826622,0.000000,5.366676,5.418281,5.748862,5.087701,22.536295,0.970366
72,HD147302_Bessell B_1156_out.fits,72.000000,0.000000,58589.782714,2458589.782714,2458589.782644,2458589.777495,2458589.778264,1.710043,35.689173,NaN,12.000000,0.000000,0.000000,12.236202,5.000000,11.000000,17.000000,48.062442,0.000000,0.359255,0.000000,133.783508,0.000000,18278.388561,135.226082,463.038133,424.304786,463.538133,600.195214,878503.995857,78.539816,937.821696,936.749490,23713.000000,11185.460277,10.626866,450.000000,6.461360,5.773088,5.786518,5.759657,35.913811,0.999777,684.052185,647.212322,684.552185,377.287678,18278.388561,135.226082,135.169106,566.000000,232.727671,0.000000,6.116308,5.498080,5.360850,5.635310,273.166857,0.997481
73,HD147302_Bessell B_1159_out.fits,73.000000,0.000000,58589.783270,2458589.783270,2458589.783201,2458589.778052,2458589.778820,1.701815,35.889764,NaN,12.000000,0.000000,0.000000,12.090034,5.000000,11.000000,17.000000,48.083904,0.000000,0.359432,0.000000,133.777499,0.000000,18276.516440,135.219104,463.363346,424.436451,463.863346,600.063549,878806.257917,78.539816,937.920248,936.973330,26066.000000,11189.308797,9.300261,456.000000,6.117326,5.724703,5.908706,5.540700,15.161402,0.994465,684.378322,647.403086,684.878322,377.096914,18276.516440,135.219104,135.162236,627.000000,232.703835,0.000000,5.826540,5.501622,5.603851,5.399394,26.304328,0.996257
74,HD147302_Bessell B_1162_out.fits,74.000000,0.000000,58589.783825,2458589.783825,2458589.783756,2458589.778607,2458589.779375,1.693700,36.090019,NaN,12.000000,0.000000,0.000000,12.520269,5.000000,11.000000,17.000000,48.662123,0.000000,0.369366,0.000000,131.745176,0.000000,17721.374388,133.150559,462.117611,423.952185,462.617611,600.547815,862359.706706,78.539816,929.107887,928.158848,22482.000000,10979.904804,9.308458,453.000000,6.595663,5.901177,5.905051,5.897303,331.486009,0.999994,683.065007,646.803067,683.565007,377.696933,17721.374388,133.150559,133.092752,506.000000,225.635547,0.000000,6.354841,5.799320,5.779954,5.818685,308.163445,0.999202
75,HD147302_Bessell B_1165_out.fits,75.000000,0.000000,58589.784381,2458589.784381,2458589.784312,2458589.779163,2458589.779931,1.685674,36.290484,NaN,12.000000,0.000000,0.000000,12.246103,5.000000,11.000000,17.000000,48.575804,0.000000,0.364086,0.000000,133.418527,0.000000,18174.885649,134.842672,461.497871,423.933010,461.997871,600.566990,882859.690811,78.539816,940.159413,939.053185,25484.000000,11240.918708,11.187082,468.000000,6.161961,5.752240,5.643202,5.861279,77.606828,0.998257,682.387542,646.810520,682.887542,377.689480,18174.885649,134.842672,134.785861,583.000000,231.409831,0.000000,5.809976,5.523793,5.496794,5.550793,53.055502,0.998759
76,HD147302_Bessell B_1168_out.fits,76.000000,0.000000,58589.784934,2458589.784934,2458589.784865,2458589.779716,2458589.780484,1.677775,36.490140,NaN,12.000000,0.000000,0.000000,12.281596,5.000000,11.000000,17.000000,47.961055,0.000000,0.356798,0.000000,134.420660,0.000000,18453.649459,135.872538,460.717321,424.320947,461.217321,600.179053,885056.487615,78.539816,941.345566,940.203598,24903.000000,11268.889194,11.510345,453.000000,6.355860,5.783471,5.616783,5.950158,73.242213,0.995228,681.673005,647.130814,682.173005,377.369186,18453.649459,135.872538,135.815889,600.000000,234.959162,0.000000,5.961229,5.506480,5.299497,5.713464,84.062732,0.994115
77,HD147302_Bessell B_1171_out.fits,77.000000,0.000000,58589.785493,2458589.785493,2458589.785423,2458589.780274,2458589.781043,1.669903,36.691514,NaN,12.000000,0.000000,0.000000,12.191399,5.000000,11.000000,17.000000,47.544242,0.000000,0.343383,0.000000,138.458477,0.000000,19581.925641,139.962969,462.425752,424.010122,462.925752,600.489878,931007.815028,78.539816,965.379525,964.395650,30172.000000,11853.959666,10.222958,449.000000,6.127665,5.609107,5.637068,5.581146,40.628414,0.995698,683.278356,646.855692,683.778356,377.644308,19581.925641,139.962969,139.907904,678.000000,249.324821,0.000000,5.973536,5.345360,5.427483,5.263237,32.253781,0.994905
78,HD147302_Bessell B_1174_out.fits,78.000000,0.000000,58589.786047,2458589.786047,2458589.785977,2458589.780828,2458589.781597,1.662185,36.891324,NaN,12.000000,0.000000,0.000000,11.628582,5.000000,11.000000,17.000000,48.867880,0.000000,0.362593,0.000000,134.773268,0.000000,18543.455206,136.202560,462.660295,424.248841,463.160295,600.251159,906179.351552,78.539816,952.451431,951.417912,29176.000000,11537.833850,10.455422,459.000000,5.708343,5.626633,5.849976,5.403289,21.928610,0.987917,683.544679,647.111617,684.044679,377.388383,18543.455206,136.202560,136.146158,689.000000,236.102605,0.000000,5.357423,5.335648,5.510399,5.160897,26.691374,0.987966
79,HD147302_Bessell B_1177_out.fits,79.000000,0.000000,58589.786602,2458589.786602,2458589.786532,2458589.781383,2458589.782151,1.654545,37.091453,NaN,12.000000,0.000000,0.000000,11.954766,5.000000,11.000000,17.000000,49.227367,0.000000,0.374115,0.000000,131.583647,0.000000,17673.966225,132.972463,461.750332,423.711995,462.250332,600.788005,870042.820560,78.539816,933.340178,932.181900,24937.000000,11077.729248,11.534118,448.000000,6.150660,5.789999,5.981607,5.598392,29.917966,0.982688,682.676556,646.584646,683.176556,377.915354,17673.966225,132.972463,132.914483,529.000000,225.031927,0.000000,6.130291,5.632509,5.896853,5.368165,29.957100,0.965094
80,HD147302_Bessell B_1180_out.fits,80.000000,0.000000,58589.787159,2458589.787159,2458589.787090,2458589.781941,2458589.782709,1.646960,37.292514,NaN,12.000000,0.000000,0.000000,12.550464,5.000000,11.000000,17.000000,48.480789,0.000000,0.374754,0.000000,129.366859,0.000000,17088.855345,130.753757,461.306099,423.677966,461.806099,600.822034,828481.184548,78.539816,910.652204,909.766847,21676.000000,10548.550062,8.392473,456.000000,6.641851,5.981336,6.123276,5.839396,16.904289,0.996741,682.129412,646.497975,682.629412,378.002025,17088.855345,130.753757,130.694947,495.000000,217.582064,0.000000,6.504312,5.830373,6.084422,5.576324,14.417055,0.990141
81,HD147302_Bessell B_1183_out.fits,81.000000,0.000000,58589.787714,2458589.787714,2458589.787644,2458589.782496,2458589.783264,1.639498,37.492657,NaN,12.000000,0.000000,0.000000,12.386606,5.000000,11.000000,17.000000,48.731447,0.000000,0.362080,0.000000,134.587451,0.000000,18493.366167,136.018488,460.403922,423.759292,460.903922,600.740708,901208.500987,78.539816,949.795417,948.844861,25690.000000,11474.543015,9.559902,467.000000,6.223929,5.660926,5.754409,5.567442,28.553026,0.996304,681.296778,646.623900,681.796778,377.876100,18493.366167,136.018488,135.962151,583.000000,235.464851,0.000000,5.998819,5.428171,5.514245,5.342097,29.506706,0.996207
82,HD147302_Bessell B_1186_out.fits,82.000000,0.000000,58589.788267,2458589.788267,2458589.788198,2458589.783049,2458589.783817,1.632139,37.692348,NaN,12.000000,0.000000,0.000000,11.794293,5.000000,11.000000,17.000000,48.266978,0.000000,0.347819,0.000000,138.770585,0.000000,19664.193257,140.256570,461.625676,424.280894,462.125676,600.219106,949131.186933,78.539816,974.711164,973.756352,32041.000000,12084.713603,9.932401,447.000000,5.670886,5.407282,5.518999,5.295566,28.841536,0.994031,682.589386,647.227960,683.089386,377.272040,19664.193257,140.256570,140.201583,707.000000,250.372285,0.000000,5.531094,5.153760,5.276877,5.030643,29.563586,0.991341
83,HD147302_Bessell B_1189_out.fits,83.000000,0.000000,58589.788825,2458589.788825,2458589.788755,2458589.783607,2458589.784375,1.624816,37.893400,NaN,12.000000,0.000000,0.000000,11.987354,5.000000,11.000000,17.000000,48.672121,0.000000,0.364500,0.000000,133.531153,0.000000,18204.800382,134.953595,461.227611,424.000049,461.727611,600.499951,886066.252996,78.539816,941.794382,940.827711,25197.000000,11281.745926,9.707260,463.000000,6.201449,5.826511,6.045038,5.607984,7.398340,0.993998,682.254754,646.817044,682.754754,377.682956,18204.800382,134.953595,134.896743,600.000000,231.790718,0.000000,5.978966,5.561697,5.683442,5.439952,9.652629,0.997850
84,HD147302_Bessell B_1192_out.fits,84.000000,0.000000,58589.789381,2458589.789381,2458589.789311,2458589.784163,2458589.784931,1.617594,38.094007,NaN,12.000000,0.000000,0.000000,12.078770,5.000000,11.000000,17.000000,48.586304,0.000000,0.364380,0.000000,133.339774,0.000000,18153.225029,134.762428,460.304186,423.571937,460.804186,600.928063,881998.113367,78.539816,939.486930,938.808284,25221.000000,11229.948763,6.609756,457.000000,6.181563,5.770149,6.091300,5.448999,8.055052,0.986658,681.180765,646.424686,681.680765,378.075314,18153.225029,134.762428,134.705387,569.000000,231.134040,0.000000,5.988623,5.607049,5.948972,5.265126,7.274035,0.984241
85,HD147302_Bessell B_1195_out.fits,85.000000,0.000000,58589.789934,2458589.789934,2458589.789865,2458589.784716,2458589.785485,1.610489,38.293681,NaN,12.000000,0.000000,0.000000,11.392783,5.000000,11.000000,17.000000,47.977571,0.000000,0.345680,0.000000,138.791895,0.000000,19672.607414,140.286508,459.570266,423.940347,460.070266,600.559653,943843.926971,78.539816,971.971592,971.061227,33078.000000,12017.394119,9.382567,453.000000,5.477783,5.447751,5.475810,5.419691,38.560565,0.997864,680.563818,646.886869,681.063818,377.613131,19672.607414,140.286508,140.231642,753.000000,250.479417,0.000000,5.229014,5.199807,5.262721,5.136893,32.720305,0.996611
86,HD147302_Bessell B_1198_out.fits,86.000000,0.000000,58589.790493,2458589.790493,2458589.790423,2458589.785274,2458589.786043,1.603406,38.495017,NaN,12.000000,0.000000,0.000000,11.443149,5.000000,11.000000,17.000000,48.380283,0.000000,0.353282,0.000000,136.945408,0.000000,19149.454481,138.409389,460.746509,423.853145,461.246509,600.646855,926456.032851,78.539816,962.806295,962.245508,29184.000000,11796.004575,5.475904,450.000000,5.726489,5.564568,5.646130,5.483006,32.843181,0.994933,681.748926,646.759741,682.248926,377.740259,19149.454481,138.409389,138.353724,637.000000,243.818427,0.000000,5.767026,5.380083,5.503653,5.256512,31.552875,0.989698
87,HD147302_Bessell B_1201_out.fits,87.000000,0.000000,58589.791046,2458589.791046,2458589.790976,2458589.785828,2458589.786596,1.596468,38.694517,NaN,12.000000,0.000000,0.000000,11.657298,5.000000,11.000000,17.000000,48.453567,0.000000,0.350966,0.000000,138.057733,0.000000,19461.220640,139.531091,461.536228,423.932658,462.036228,600.567342,942965.559009,78.539816,971.523482,970.605010,28008.000000,12006.210391,9.540230,450.000000,6.186183,5.535805,5.833778,5.237832,14.234469,0.985090,682.441624,646.692266,682.941624,377.807734,19461.220640,139.531091,139.475873,677.000000,247.787957,0.000000,5.685265,5.191770,5.507552,4.875989,14.558754,0.980754
88,HD147302_Bessell B_1204_out.fits,88.000000,0.000000,58589.791591,2458589.791591,2458589.791522,2458589.786373,2458589.787142,1.589698,38.891405,NaN,12.000000,0.000000,0.000000,11.855457,5.000000,11.000000,17.000000,47.685512,0.000000,0.354092,0.000000,134.669986,0.000000,18524.236536,136.132082,461.419276,423.876326,461.919276,600.623674,883337.702546,78.539816,940.305896,939.415254,25850.000000,11247.004942,8.879227,449.000000,6.132325,5.784192,5.834217,5.734166,37.855335,0.995089,682.349313,646.725428,682.849313,377.774572,18524.236536,136.132082,136.075466,571.000000,235.857905,0.000000,5.921291,5.620313,5.677451,5.563175,38.599861,0.991579
89,HD147302_Bessell B_1207_out.fits,89.000000,0.000000,58589.792146,2458589.792146,2458589.792077,2458589.786928,2458589.787697,1.582894,39.091564,NaN,12.000000,0.000000,0.000000,12.520413,5.000000,11.000000,17.000000,48.750586,0.000000,0.375168,0.000000,129.943211,0.000000,17239.460921,131.328416,461.231364,423.626571,461.731364,600.873429,840433.824668,78.539816,917.187396,916.316369,22197.000000,10700.735803,8.429280,455.000000,6.671585,5.968275,6.247406,5.689145,20.954038,0.984272,682.221438,646.573966,682.721438,377.926034,17239.460921,131.328416,131.269845,484.000000,219.499634,0.000000,6.513783,5.797025,6.093213,5.500837,21.879882,0.980086
90,HD147302_Bessell B_1210_out.fits,90.000000,0.000000,58589.792701,2458589.792701,2458589.792632,2458589.787483,2458589.788251,1.576166,39.291723,NaN,12.000000,0.000000,0.000000,12.017702,5.000000,11.000000,17.000000,48.496978,0.000000,0.357488,0.000000,135.660515,0.000000,18791.034336,137.108429,460.618101,424.121188,461.118101,600.378812,911308.378169,78.539816,954.935936,954.313629,28188.000000,11603.138645,6.127778,457.000000,5.828323,5.707800,5.831002,5.584597,16.015821,0.997409,681.580729,647.018719,682.080729,377.481281,18791.034336,137.108429,137.052364,627.000000,239.254880,0.000000,5.686668,5.537622,5.679449,5.395796,23.151115,0.994510
91,HD147302_Bessell B_1213_out.fits,91.000000,0.000000,58589.793257,2458589.793257,2458589.793188,2458589.788039,2458589.788807,1.569499,39.492314,NaN,12.000000,0.000000,0.000000,11.769053,5.000000,11.000000,17.000000,48.440753,0.000000,0.356148,0.000000,136.012935,0.000000,18889.228128,137.466007,460.544785,424.039595,461.044785,600.460405,915008.431328,78.539816,956.927819,956.193783,28011.000000,11650.249185,7.382872,462.000000,5.887689,5.714911,5.814698,5.615123,13.972524,0.998438,681.521166,646.924566,682.021166,377.575434,18889.228128,137.466007,137.410176,672.000000,240.505122,0.000000,5.632716,5.461178,5.544460,5.377896,6.208440,0.999025
92,HD147302_Bessell B_1216_out.fits,92.000000,0.000000,58589.793813,2458589.793813,2458589.793744,2458589.788595,2458589.789364,1.562907,39.692927,NaN,12.000000,0.000000,0.000000,11.993197,5.000000,11.000000,17.000000,48.717388,0.000000,0.357267,0.000000,136.361142,0.000000,18983.914838,137.810094,461.916352,424.215066,462.416352,600.284934,924846.737407,78.539816,962.100921,961.278299,26599.000000,11775.514389,8.449309,449.000000,6.214570,5.711339,5.584433,5.838245,82.828243,0.997898,682.911059,647.022548,683.411059,377.477452,18983.914838,137.810094,137.754168,603.000000,241.710711,0.000000,6.002771,5.433242,5.262536,5.603948,71.920446,0.993955
93,HD147302_Bessell B_1219_out.fits,93.000000,0.000000,58589.794367,2458589.794367,2458589.794298,2458589.789149,2458589.789917,1.556416,39.892706,NaN,12.000000,0.000000,0.000000,12.065519,5.000000,11.000000,17.000000,48.738276,0.000000,0.365772,0.000000,133.247562,0.000000,18127.073033,134.665291,462.532312,424.010526,463.032312,600.489474,883482.282179,78.539816,940.400475,939.474517,24929.000000,11248.845787,9.281030,465.000000,6.271130,5.870246,5.960486,5.780007,28.447245,0.996833,683.532125,646.897627,684.032125,377.602373,18127.073033,134.665291,134.608353,558.000000,230.801062,0.000000,5.866711,5.630101,5.722846,5.537356,32.078296,0.994291
94,HD147302_Bessell B_1222_out.fits,94.000000,0.000000,58589.794923,2458589.794923,2458589.794854,2458589.789705,2458589.790474,1.549971,40.093292,NaN,12.000000,0.000000,0.000000,12.484743,5.000000,11.000000,17.000000,48.415337,0.000000,0.363758,0.000000,133.097505,0.000000,18088.575644,134.522287,462.447703,424.107662,462.947703,600.392338,875764.482306,78.539816,936.107725,935.538143,22598.000000,11150.579707,5.446377,464.000000,6.605149,5.856872,6.137016,5.576729,11.254210,0.989326,683.491528,646.969676,683.991528,377.530324,18088.575644,134.522287,134.465270,521.000000,230.310898,0.000000,6.298818,5.664258,5.877046,5.451469,13.870230,0.992814
95,HD147302_Bessell B_1225_out.fits,95.000000,0.000000,58589.795481,2458589.795481,2458589.795411,2458589.790263,2458589.791031,1.543584,40.294313,NaN,12.000000,0.000000,0.000000,12.139884,5.000000,11.000000,17.000000,47.735809,0.000000,0.351172,0.000000,135.932764,0.000000,18872.819356,137.406447,462.256050,424.108474,462.756050,600.391526,900909.305915,78.539816,949.737664,948.587531,26874.000000,11470.733545,11.765487,447.000000,6.029794,5.735127,5.671722,5.798532,52.728718,0.993119,683.244854,646.998605,683.744854,377.501395,18872.819356,137.406447,137.350319,609.000000,240.296199,0.000000,5.765232,5.505818,5.427478,5.584158,53.988295,0.991502
96,HD147302_Bessell B_1228_out.fits,96.000000,0.000000,58589.796035,2458589.796035,2458589.795966,2458589.790818,2458589.791586,1.537295,40.494492,NaN,12.000000,0.000000,0.000000,12.426809,5.000000,11.000000,17.000000,48.346265,0.000000,0.356229,0.000000,135.717003,0.000000,18807.922939,137.169977,463.044078,424.716547,463.544078,599.783453,909292.832132,78.539816,953.961500,953.175608,24354.000000,11577.475916,7.908416,460.000000,6.507664,5.793636,5.929507,5.657765,19.843438,0.996289,683.954003,647.516639,684.454003,376.983361,18807.922939,137.169977,137.113990,591.000000,239.469912,0.000000,6.206071,5.524882,5.715109,5.334654,16.536608,0.993263
97,HD147302_Bessell B_1231_out.fits,97.000000,0.000000,58589.796590,2458589.796590,2458589.796521,2458589.791372,2458589.792141,1.531076,40.694613,NaN,12.000000,0.000000,0.000000,12.199300,5.000000,11.000000,17.000000,48.978058,0.000000,0.364004,0.000000,134.553583,0.000000,18482.113524,135.977152,464.221590,424.675253,464.721590,599.824747,905218.032292,78.539816,951.793028,951.066046,26802.000000,11525.593953,7.233766,463.000000,6.115163,5.714103,5.812206,5.616000,28.730306,0.995927,685.026522,647.580961,685.526522,376.919039,18482.113524,135.977152,135.920728,576.000000,235.321578,0.000000,5.856627,5.538030,5.703995,5.372065,24.798443,0.991464
98,HD147302_Bessell B_1234_out.fits,98.000000,0.000000,58589.797144,2458589.797144,2458589.797074,2458589.791926,2458589.792694,1.524939,40.894331,NaN,12.000000,0.000000,0.000000,12.074223,5.000000,11.000000,17.000000,48.032157,0.000000,0.353515,0.000000,135.870308,0.000000,18853.017218,137.334438,464.272799,424.499461,464.772799,600.000539,905551.074201,78.539816,952.057019,951.152144,26479.000000,11529.834375,9.103704,440.000000,6.080424,5.675999,6.036910,5.315089,19.149095,0.973953,685.196533,647.319338,685.696533,377.180662,18853.017218,137.334438,137.278147,589.000000,240.044071,0.000000,5.868722,5.529543,5.791614,5.267471,25.591865,0.977234
99,HD147302_Bessell B_1237_out.fits,99.000000,0.000000,58589.797690,2458589.797690,2458589.797620,2458589.792472,2458589.793240,1.518951,41.091315,NaN,12.000000,0.000000,0.000000,12.050908,5.000000,11.000000,17.000000,48.283492,0.000000,0.354190,0.000000,136.320706,0.000000,18976.065218,137.781630,463.381643,424.293576,463.881643,600.206424,916230.701469,78.539816,957.569949,956.829005,27648.000000,11665.811612,7.382353,447.000000,6.041643,5.629935,5.881711,5.378159,23.839784,0.982422,684.327052,647.151749,684.827052,377.348251,18976.065218,137.781630,137.725655,614.000000,241.610766,0.000000,5.985950,5.453331,5.693009,5.213654,28.061450,0.975228
100,HD147302_Bessell B_1240_out.fits,100.000000,0.000000,58589.798245,2458589.798245,2458589.798175,2458589.793027,2458589.793795,1.512933,41.291469,NaN,12.000000,0.000000,0.000000,12.284349,5.000000,11.000000,17.000000,48.483272,0.000000,0.361803,0.000000,134.004523,0.000000,18335.362052,135.436477,462.759205,424.646685,463.259205,599.853315,888958.344611,78.539816,943.165608,942.526251,25624.000000,11318.569180,6.228650,461.000000,6.284437,5.820055,5.904841,5.735270,32.236429,0.995431,683.749417,647.485395,684.249417,377.014605,18335.362052,135.436477,135.379792,551.000000,233.453080,0.000000,6.233353,5.649948,5.691023,5.608872,40.963522,0.989281
